{
    "name": "root",
    "metadata": {
        "timer_format_version": "0.1.0",
        "start_time_seconds": "1727454332",
        "python_version": "3.10.12 (main, Jul  5 2023, 15:02:25) [Clang 14.0.6 ]",
        "command_line_arguments": "/opt/miniconda3/envs/mlagents/bin/mlagents-learn pong.yml --run-id=Pong3 --resume --time-scale=1",
        "mlagents_version": "1.0.0",
        "mlagents_envs_version": "1.0.0",
        "communication_protocol_version": "1.5.0",
        "pytorch_version": "2.4.1",
        "numpy_version": "1.21.2",
        "end_time_seconds": "1727454364"
    },
    "total": 31.37198991701007,
    "count": 1,
    "self": 0.0038007929688319564,
    "children": {
        "run_training.setup": {
            "total": 0.018043916032183915,
            "count": 1,
            "self": 0.018043916032183915
        },
        "TrainerController.start_learning": {
            "total": 31.350145208009053,
            "count": 1,
            "self": 0.003244577907025814,
            "children": {
                "TrainerController._reset_env": {
                    "total": 4.171145791944582,
                    "count": 1,
                    "self": 4.171145791944582
                },
                "TrainerController.advance": {
                    "total": 27.05138137913309,
                    "count": 55,
                    "self": 0.0007166290888562799,
                    "children": {
                        "env_step": {
                            "total": 27.04489833296975,
                            "count": 55,
                            "self": 26.98917753464775,
                            "children": {
                                "SubprocessEnvManager._take_step": {
                                    "total": 0.05542412830982357,
                                    "count": 55,
                                    "self": 0.0010031272540800273,
                                    "children": {
                                        "TorchPolicy.evaluate": {
                                            "total": 0.054421001055743545,
                                            "count": 54,
                                            "self": 0.054421001055743545
                                        }
                                    }
                                },
                                "workers": {
                                    "total": 0.00029667001217603683,
                                    "count": 54,
                                    "self": 0.0,
                                    "children": {
                                        "worker_root": {
                                            "total": 11.34252296120394,
                                            "count": 54,
                                            "is_parallel": true,
                                            "self": 0.5295039630727842,
                                            "children": {
                                                "steps_from_proto": {
                                                    "total": 0.001960458990652114,
                                                    "count": 1,
                                                    "is_parallel": true,
                                                    "self": 0.0011099589755758643,
                                                    "children": {
                                                        "_process_rank_one_or_two_observation": {
                                                            "total": 0.0008505000150762498,
                                                            "count": 2,
                                                            "is_parallel": true,
                                                            "self": 0.0008505000150762498
                                                        }
                                                    }
                                                },
                                                "UnityEnvironment.step": {
                                                    "total": 10.811058539140504,
                                                    "count": 54,
                                                    "is_parallel": true,
                                                    "self": 0.001375337305944413,
                                                    "children": {
                                                        "UnityEnvironment._generate_step_input": {
                                                            "total": 0.0038976228097453713,
                                                            "count": 54,
                                                            "is_parallel": true,
                                                            "self": 0.0038976228097453713
                                                        },
                                                        "communicator.exchange": {
                                                            "total": 10.799975993926637,
                                                            "count": 54,
                                                            "is_parallel": true,
                                                            "self": 10.799975993926637
                                                        },
                                                        "steps_from_proto": {
                                                            "total": 0.005809585098177195,
                                                            "count": 54,
                                                            "is_parallel": true,
                                                            "self": 0.003446544345933944,
                                                            "children": {
                                                                "_process_rank_one_or_two_observation": {
                                                                    "total": 0.0023630407522432506,
                                                                    "count": 108,
                                                                    "is_parallel": true,
                                                                    "self": 0.0023630407522432506
                                                                }
                                                            }
                                                        }
                                                    }
                                                }
                                            }
                                        }
                                    }
                                }
                            }
                        },
                        "trainer_advance": {
                            "total": 0.005766417074482888,
                            "count": 54,
                            "self": 0.00044220825657248497,
                            "children": {
                                "process_trajectory": {
                                    "total": 0.005324208817910403,
                                    "count": 54,
                                    "self": 0.005324208817910403
                                }
                            }
                        }
                    }
                },
                "trainer_threads": {
                    "total": 2.6249908842146397e-06,
                    "count": 1,
                    "self": 2.6249908842146397e-06
                },
                "TrainerController._save_models": {
                    "total": 0.1243708340334706,
                    "count": 1,
                    "self": 0.0010770430671982467,