{
    "name": "root",
    "metadata": {
        "timer_format_version": "0.1.0",
        "start_time_seconds": "1728056238",
        "python_version": "3.10.12 (main, Jul  5 2023, 15:02:25) [Clang 14.0.6 ]",
        "command_line_arguments": "/opt/miniconda3/envs/mlagents/bin/mlagents-learn pong.yml --run-id=Pong6 --time-scale=2 --resume",
        "mlagents_version": "1.0.0",
        "mlagents_envs_version": "1.0.0",
        "communication_protocol_version": "1.5.0",
        "pytorch_version": "2.4.1",
        "numpy_version": "1.21.2",
        "end_time_seconds": "1728056289"
    },
    "total": 51.086468417001015,
    "count": 1,
    "self": 0.0040797500041662715,
    "children": {
        "run_training.setup": {
            "total": 0.017990957996516954,
            "count": 1,
            "self": 0.017990957996516954
        },
        "TrainerController.start_learning": {
            "total": 51.06439770900033,
            "count": 1,
            "self": 0.004816557004232891,
            "children": {
                "TrainerController._reset_env": {
                    "total": 6.066067583000404,
                    "count": 1,
                    "self": 6.066067583000404
                },
                "TrainerController.advance": {
                    "total": 44.91454473599879,
                    "count": 396,
                    "self": 0.002538273052778095,
                    "children": {
                        "env_step": {
                            "total": 43.36852363200887,
                            "count": 396,
                            "self": 43.236710522956855,
                            "children": {
                                "SubprocessEnvManager._take_step": {
                                    "total": 0.13001645096665015,
                                    "count": 396,
                                    "self": 0.00504335795994848,
                                    "children": {
                                        "TorchPolicy.evaluate": {
                                            "total": 0.12497309300670167,
                                            "count": 392,
                                            "self": 0.12497309300670167
                                        }
                                    }
                                },
                                "workers": {
                                    "total": 0.001796658085368108,
                                    "count": 395,
                                    "self": 0.0,
                                    "children": {
                                        "worker_root": {
                                            "total": 41.041576205941965,
                                            "count": 395,
                                            "is_parallel": true,
                                            "self": 2.176305115070136,
                                            "children": {
                                                "steps_from_proto": {
                                                    "total": 0.0005670419996022247,
                                                    "count": 1,
                                                    "is_parallel": true,
                                                    "self": 0.0002896670048357919,
                                                    "children": {
                                                        "_process_rank_one_or_two_observation": {
                                                            "total": 0.0002773749947664328,
                                                            "count": 2,
                                                            "is_parallel": true,
                                                            "self": 0.0002773749947664328
                                                        }
                                                    }
                                                },
                                                "UnityEnvironment.step": {
                                                    "total": 38.86470404887223,
                                                    "count": 395,
                                                    "is_parallel": true,
                                                    "self": 0.007233020893181674,
                                                    "children": {
                                                        "UnityEnvironment._generate_step_input": {
                                                            "total": 0.016305576980812475,
                                                            "count": 395,
                                                            "is_parallel": true,
                                                            "self": 0.016305576980812475
                                                        },
                                                        "communicator.exchange": {
                                                            "total": 38.81192521200137,
                                                            "count": 395,
                                                            "is_parallel": true,
                                                            "self": 38.81192521200137
                                                        },
                                                        "steps_from_proto": {
                                                            "total": 0.0292402389968629,
                                                            "count": 395,
                                                            "is_parallel": true,
                                                            "self": 0.01913018506456865,
                                                            "children": {
                                                                "_process_rank_one_or_two_observation": {
                                                                    "total": 0.01011005393229425,
                                                                    "count": 790,
                                                                    "is_parallel": true,
                                                                    "self": 0.01011005393229425
                                                                }
                                                            }
                                                        }
                                                    }
                                                }
                                            }
                                        }
                                    }
                                }
                            }
                        },
                        "trainer_advance": {
                            "total": 1.543482830937137,
                            "count": 395,
                            "self": 0.0026488219082239084,
                            "children": {
                                "process_trajectory": {
                                    "total": 0.009328426021966152,
                                    "count": 395,
                                    "self": 0.009328426021966152
                                },
                                "_update_policy": {
                                    "total": 1.5315055830069468,
                                    "count": 3,
                                    "self": 0.22013798393163597,
                                    "children": {
                                        "TorchPPOOptimizer.update": {
                                            "total": 1.3113675990753109,
                                            "count": 1056,