{"count":1,"self":61.22832,"total":796.36079499999994,"children":{"InitializeActuators":{"count":32,"self":0.001021,"total":0.001021,"children":null},"InitializeSensors":{"count":32,"self":0.00067899999999999992,"total":0.00067899999999999992,"children":null},"AgentSendState":{"count":162567,"self":6.0255199999999993,"total":26.495952,"children":{"CollectObservations":{"count":1040448,"self":4.4304592,"total":4.430459,"children":null},"WriteActionMask":{"count":1040448,"self":1.4825439999999999,"total":1.4825439999999999,"children":null},"RequestDecision":{"count":1040448,"self":4.7279019999999994,"total":14.557428999999999,"children":{"AgentInfo.ToProto":{"count":1040448,"self":4.3038631999999994,"total":9.8295269999999988,"children":{"GenerateSensorData":{"count":1040448,"self":5.525664,"total":5.525664,"children":null}}}}}}},"DecideAction":{"count":162567,"self":699.280128,"total":699.28010499999993,"children":null},"AgentAct":{"count":162567,"self":9.3486008,"total":9.348601,"children":null},"AgentInfo.ToProto":{"count":442,"self":0.002454,"total":0.005556,"children":{"GenerateSensorData":{"count":442,"self":0.0031019999999999997,"total":0.0031019999999999997,"children":null}}}},"gauges":{"Pong.CumulativeReward":{"count":442,"max":21.10004,"min":-1,"runningAverage":4.737104,"value":0.4000002,"weightedAverage":4.40244055}},"metadata":{"timer_format_version":"0.1.0","start_time_seconds":"1728518910","unity_version":"2022.3.44f1","command_line_arguments":"\/Applications\/Unity\/Hub\/Editor\/2022.3.44f1\/Unity.app\/Contents\/MacOS\/Unity -projectpath \/Users\/brayden\/Documents\/Drury\/Independent Research\/pong-ml-agents-2d -useHub -hubIPC -cloudEnvironment production -licensingIpc LicenseClient-brayden -hubSessionId b87294c9-bc9c-4834-81c5-2e2da3b152d2 -accessToken Zpe571b-ZLruiS5TAboDyRMMvSnoi3oY8QtksD_wH2A002f","communication_protocol_version":"1.5.0","com.unity.ml-agents_version":"2.0.1","scene_name":"SampleScene","end_time_seconds":"1728519706"}}