{
    "name": "root",
    "gauges": {
        "Pong.Policy.Entropy.mean": {
            "value": 0.9827933311462402,
            "min": 0.9827933311462402,
            "max": 1.0100901126861572,
            "count": 3
        },
        "Pong.Policy.Entropy.sum": {
            "value": 9859.3828125,
            "min": 7987.79248046875,
            "max": 10036.4794921875,
            "count": 3
        },
        "Pong.Environment.EpisodeLength.mean": {
            "value": 35.285714285714285,
            "min": 34.57142857142857,
            "max": 52.28767123287671,
            "count": 3
        },
        "Pong.Environment.EpisodeLength.sum": {
            "value": 4940.0,
            "min": 3817.0,
            "max": 4940.0,
            "count": 3
        },
        "Pong.Step.mean": {
            "value": 149983.0,
            "min": 129991.0,
            "max": 149983.0,
            "count": 3
        },
        "Pong.Step.sum": {
            "value": 149983.0,
            "min": 129991.0,
            "max": 149983.0,
            "count": 3
        },
        "Pong.Policy.ExtrinsicValueEstimate.mean": {
            "value": 0.26221397519111633,
            "min": 0.16213572025299072,
            "max": 0.26221397519111633,
            "count": 3
        },
        "Pong.Policy.ExtrinsicValueEstimate.sum": {
            "value": 64.24242401123047,
            "min": 38.55662536621094,
            "max": 64.24242401123047,
            "count": 3
        },
        "Pong.Environment.CumulativeReward.mean": {
            "value": 0.5827338129496403,
            "min": 0.32857142857142857,
            "max": 0.5827338129496403,
            "count": 3
        },
        "Pong.Environment.CumulativeReward.sum": {
            "value": 81.0,
            "min": 37.0,
            "max": 81.0,
            "count": 3
        },
        "Pong.Policy.ExtrinsicReward.mean": {
            "value": 0.5827338129496403,
            "min": 0.32857142857142857,
            "max": 0.5827338129496403,
            "count": 3
        },
        "Pong.Policy.ExtrinsicReward.sum": {
            "value": 81.0,
            "min": 37.0,
            "max": 81.0,
            "count": 3
        },
        "Pong.Losses.PolicyLoss.mean": {
            "value": 0.23906666969810517,
            "min": 0.23774291764350913,
            "max": 0.24618108857114632,
            "count": 3
        },
        "Pong.Losses.PolicyLoss.sum": {
            "value": 18.647200236452203,
            "min": 14.502317976254057,
            "max": 18.955943819978266,
            "count": 3
        },
        "Pong.Losses.ValueLoss.mean": {
            "value": 0.110774785104129,
            "min": 0.08504640557188273,
            "max": 0.12597735064611715,
            "count": 3
        },
        "Pong.Losses.ValueLoss.sum": {
            "value": 8.640433238122062,
            "min": 5.187830739884847,
            "max": 9.70025599975102,
            "count": 3
        },
        "Pong.Policy.LearningRate.mean": {
            "value": 0.0002129836674669923,
            "min": 0.0002129836674669923,
            "max": 0.00022429756293907213,
            "count": 3
        },
        "Pong.Policy.LearningRate.sum": {
            "value": 0.0166127260624254,
            "min": 0.0136821513392834,
            "max": 0.016862616279128603,
            "count": 3
        },
        "Pong.Policy.Epsilon.mean": {
            "value": 0.17099454615384616,
            "min": 0.17099454615384616,
            "max": 0.17476584590163935,
            "count": 3
        },
        "Pong.Policy.Epsilon.sum": {
            "value": 13.3375746,
            "min": 10.6607166,
            "max": 13.3375746,
            "count": 3
        },
        "Pong.Policy.Beta.mean": {
            "value": 0.0005000000000000001,
            "min": 0.0005,
            "max": 0.0005000000000000001,
            "count": 3
        },
        "Pong.Policy.Beta.sum": {
            "value": 0.03900000000000001,
            "min": 0.030500000000000003,
            "max": 0.03900000000000001,
            "count": 3
        },
        "Pong.IsTraining.mean": {
            "value": 1.0,
            "min": 1.0,
            "max": 1.0,
            "count": 3
        },
        "Pong.IsTraining.sum": {
            "value": 1.0,
            "min": 1.0,
            "max": 1.0,
            "count": 3
        }
    },
    "metadata": {
        "timer_format_version": "0.1.0",
        "start_time_seconds": "1727450608",
        "python_version": "3.10.12 (main, Jul  5 2023, 15:02:25) [Clang 14.0.6 ]",
        "command_line_arguments": "/opt/miniconda3/envs/mlagents/bin/mlagents-learn pong.yml --run-id=Pong1 --resume --time-scale=50",
        "mlagents_version": "1.0.0",
        "mlagents_envs_version": "1.0.0",
        "communication_protocol_version": "1.5.0",
        "pytorch_version": "2.4.1",
        "numpy_version": "1.21.2",
        "end_time_seconds": "1727450705"
    },
    "total": 97.1179476249963,
    "count": 1,
    "self": 0.004841668007429689,
    "children": {
        "run_training.setup": {
            "total": 0.016541916003916413,
            "count": 1,
            "self": 0.016541916003916413
        },
        "TrainerController.start_learning": {
            "total": 97.09656404098496,
            "count": 1,
            "self": 0.10635341570014134,
            "children": {
                "TrainerController._reset_env": {
                    "total": 5.764064499991946,
                    "count": 1,
                    "self": 5.764064499991946
                },
                "TrainerController.advance": {
                    "total": 91.12493420823012,
                    "count": 19306,
                    "self": 0.09607271250570193,
                    "children": {
                        "env_step": {
                            "total": 74.82438247645041,
                            "count": 19306,
                            "self": 68.89012989186449,
                            "children": {
                                "SubprocessEnvManager._take_step": {
                                    "total": 5.860348575981334,
                                    "count": 19306,
                                    "self": 0.2354973647161387,
                                    "children": {
                                        "TorchPolicy.evaluate": {
                                            "total": 5.624851211265195,
                                            "count": 18817,
                                            "self": 5.624851211265195
                                        }
                                    }
                                },
                                "workers": {
                                    "total": 0.07390400860458612,
                                    "count": 19305,
                                    "self": 0.0,
                                    "children": {
                                        "worker_root": {
                                            "total": 87.53369765763637,
                                            "count": 19305,
                                            "is_parallel": true,
                                            "self": 27.48615153663559,
                                            "children": {
                                                "steps_from_proto": {
                                                    "total": 0.0014314590371213853,
                                                    "count": 1,
                                                    "is_parallel": true,
                                                    "self": 0.0007840420585125685,